imo,name
0720495,MSC BRANKA
1015363,SINAR SULAWESI
1015375,SINAR SUMATERA
1025526,NORDATLANTIC
1043516,SINAR PANGKALAN SUSU
1342429,ZHONG YI ZE TAI
1400704,ZHONG YI RUN YANG
508,AS NARA
5555555,NEWPORT CYPRESS 89
6913529,MANUKAI
7226574,FEEDER
7321087,LURLINE
7383906,MSC NAMIBIA
7809871,FORT DESAIX
8217867,EVER GENTLE
8509014,CISL LEENE
8713550,TRADER
8813037,ELISABETH
8907412,KOKOPO CHIEF
8952857,GOLDEN STAR 1
9008574,MSC TASMANIA
9020338,INGA A
9020352,INGA A
9038373,DUBAI ALLIANCE
9040120,DUBAI FORTUNE
9060637,MSC MARTINA
9081019,SOL MALAYSIA
9101106,MTT KUCHING DUA
9102291,OOCL AMERICA
9103685,MSC BRIANNA
9106467,CASABLANCA A
9106479,MED CORLU
9106778,CNC RUBY
9108063,PIRITA
9110391,MSC DYMPHNA
9110937,GANTA BHUM
9112686,CHANA BHUM
9112698,DANU BHUM
9116369,MSC SENA
9119660,BLPL TRUST
9120865,SALLY MAERSK
9121871,DUBAI ENTERPRISE
9122538,DONG FANG QIANG
9122605,MELINA
9123518,ARIES
9123582,HR FARHA
9123790,RITA
9126211,DORNBUSCH
9126716,LAURA
9126742,ROZA A
9126754,TOMRIZ A
9126766,CORELLI
9130535,UNI-ACCORD
9130547,UNI-ACTIVE
9130559,UNI-ADROIT
9131852,KMTC PUSAN
9131864,KMTC ULSAN
9133874,POS TOKYO
9134139,DUBAI ALLIANCE
9134153,WEC MAJORELLE
9134232,EVER DAINTY
9137521,SSL VISAKHAPATNAM
9137533,SSL GUJARAT
9137545,SSL MUMBAI
9137569,GFS RANNA
9138159,ISEACO FORTUNE
9138161,AEGEAN EXPRESS
9138252,HE JIN
9138355,K-RIVER
9141314,SSL BHARAT
9143465,LILA BHUM
9143544,KOBE EXPRESS
9143568,LONDON EXPRESS
9144316,JIN SHUN HE
9145293,PIRA BHUM
9146065,MTT PULAU PINANG
9146297,BLPL FAITH
9147215,MED CERKEZKOY
9148532,MTT BINTULU
9149328,MSC NADRIELY
9149823,PHOENIX D
9149885,FIONA
9150212,TB KAIYUAN
9152923,BELITAKI
9153850,MSC GIOVANNA VII
9154220,MSC CAPRI
9155016,X-PRESS KOHIMA
9157399,HR SAHARE
9157404,HR SARERA
915858,BRIDGE
9159098,CTP GOLDEN
9160712,FENGYUNHE
9161182,ELREEDY STAR
9162215,MAERSK KARACHI
9162227,MARIANNA I
9162631,MSC ASLI
9164263,TYGRA
9164275,MAERSK AVON
9166792,SKAGEN MAERSK
9167447,KOTA RATNA
9168867,MSC URSULA VI
9168879,EVER USEFUL
9169043,MSC CAITLIN
9169495,MOGRAL
9169809,MAERSK SAVANNAH
9170638,JIN JI YUAN
9172313,KUO CHANG
9173329,RAGNA
9175597,HR RHEA
9175705,MANDO
9175781,MAERSK ANTWERP
9179828,MSC SHIVALIKA III
9182033,KOTA AZAM
9187344,ATHENA
9187863,GFS JADE
9187875,GFS JUNO
9188154,EVER UTILE
9188506,HANNI
9189500,IAN H
9190731,LOUIS MAERSK
9190743,LAUST MAERSK
9190755,LEDA MAERSK
9190767,LEXA MAERSK
9190779,LICA MAERSK
9190781,LUNA MAERSK
9192466,NICOLINE MAERSK
9192478,NORA MAERSK
9193240,MAERSK KENTUCKY
9193276,GRASMERE MAERSK
9193305,SEOUL EXPRESS
9193317,AMSTERDAM EXPRESS
9193525,LOTUS
9194490,IBN AL ABBAR
9194505,TAICHUNG
9194866,MSC CHERYL 3
9196838,MSC YORK VII
9196955,EVER ULYSSES
9196967,EVER UNICORN
9196979,ITAL USODIMARE
9196981,ITAL UNICA
9196993,ITAL UNIVERSO
9197349,BANGKOK
9198109,OOCL NEW YORK
9198575,CLIFFORD MAERSK
9199268,OOCL SAN FRANCISCO
9200691,BRUSSELS
9200809,SINGAPORE EXPRESS
9202194,UNI-PRUDENT
9202223,UNI-PREMIER
9202235,UNI-PROBITY
9202259,DUBAI VENTURE
9202481,SEA OF LUCK
9202649,MSC DIEGO
9203502,MAIRA
9203538,MSC MALENA
9203904,MSC BELLE
9203954,MSC SANDRA
9204477,JOANNA
9205677,KOTA JAYA
9208875,WADI ALRAYAN
9210074,DIMITRIS C
9210098,MSC SINES R
9210701,UAFL EXPRESS
9211482,W KLAIPEDA
9211494,W KYRENIA
9213105,MERATUS JIMBARAN
9213117,MERATUS JAYAGIRI
9213583,GSL MYNY
9214226,GSL MELITA
9215191,JOSEPHINE MAERSK
9215323,W KITHIRA
9215672,MSC JESSENIA R
9215878,MAERSK NEWCASTLE
9215907,MAERSK NESTON
9216092,LUEBECK
9216107,EGY CROWN
9216987,ZOI
9216999,TONSBERG
9217151,MSS GRAPHENE
9218674,APL HOLLAND
9219381,LODUR
9219800,CHASTINE MAERSK
9219862,ELISABETH
9220079,HARRISON
9220316,JPO AQUARIUS
9221073,COSCO ROTTERDAM
9221085,COSCO HAMBURG
9221097,COSCO SHANGHAI
9222118,MAERSK NORTHWOOD
9222297,CMA CGM BERLIOZ
9222467,AREOPOLIS
9222974,GSL DOROTHEA
9224300,SEASPAN HAMBURG
9224336,HONGKONG BRIDGE
9224520,WAN HAI 613
9224958,MANET
9225665,MSC LAURA
9225770,JULIE
9226372,MAIKE D
9226516,CINZIA A
9226918,MSC MELISSA
9227273,IRENES RESOLVE
9227302,MSC KATYA R.
9227314,MSC ZLATA R.
9228564,LOBIVIA
9228746,JINYUNHE
9228758,CAIYUNHE
9229312,MSC LEO VI
9229324,GSL CHRISTEN
9229348,GSL NICOLETTA
9230488,MSC MICHAELA
9230490,MSC LORETTA
9230775,MSC TRADER II
9230787,PFL MATAI
9231119,MSC MADISON II
9231482,EVRIDIKI G
9231808,ZIM VIRGINIA
9231822,ZIM SHANGHAI
9231846,NEUENFELDE
9232565,LIVERPOOL EXPRESS
9232577,DUBLIN EXPRESS
9232589,GLASGOW EXPRESS
9232761,MSC COLETTE III
9233832,QINGDAO TOWER
9233844,NAGOYA TOWER
9234109,APL CAIRO
9234111,APL JEDDAH
9234123,APL PUSAN
9234331,XIN DA LIAN
9234355,XIN LIAN YUN GANG
9235531,MAERSK VIRGINIA
9235543,MAERSK GATESHEAD
9235555,MAERSK GIRONDE
9235567,MAERSK GAIRLOCH
9235581,MSC ADITI
9235816,BUXLINK
9236042,SM KAVERI
9236262,SC PHOENIX
9236274,VISITOR
9236511,SM MAHI
9236535,MARIANETTA
9236561,RACHA BHUM
9238064,DANIEL A
9238076,YIGITCAN A
9238155,AN HAI
9238612,KOTA HALUS
9238624,KOTA HAPAS
9238741,MSC MARGARITA
9238791,CELSIUS NAIROBI
9238806,SSL BRAHMAPUTRA
9238882,MSC MANASA F
9239850,APL SAIPAN
9239886,CF ATHENA
9239898,SSL KRISHNA
9240330,SATTHA BHUM
9240457,METHI BHUM
9240471,MSS GALENA
9241281,EVER ELITE
9241293,EVER ETHIC
9241308,EVER ENVOY
9241310,EVER EAGLE
9241322,EVER EXCEL
9241451,MSC SARYA III
9241475,NORDBALTIC
9242285,AURETTE A
9243198,SOURCE BLESSING
9243306,ULSAN
9243394,MSC DARIEN
9243605,ZHONG HANG SHENG
9244130,MANUKAI
9244922,ZIM VIETNAM
9244934,ZIM AMERICA
9244946,MSC KALAMATA VII
9244972,KOTA HIDAYAH
9245225,SALAM MAJU
9245689,ASIAN TRADER
9245744,CHARLOTTE MAERSK
9245756,CORNELIA MAERSK
9245768,COLUMBINE MAERSK
9245770,CLEMENTINE MAERSK
9246310,GROTON
9246396,COSCO ANTWERP
9246401,COSCO FELIXSTOWE
9246683,CMA CGM PARANAGUA
9246695,LUTETIA
9247546,ENSENADA
9247730,MSC APOLLO
9247742,MSC BOSPHORUS
9247766,ATHENS GLORY
9248112,CMA CGM EIFFEL
9248124,CMA CGM PUGET
9248930,DANUM 175
9249219,EVER PEARL
9249233,EVER PRIDE
9249245,EVER PRIMA
9250957,SINAR BINTAN
9250983,MSC DAMLA
9251638,OLIVIA MAERSK
9251690,MSC LUDOVICA
9251999,OOCL ROTTERDAM
9252008,OOCL HAMBURG
9252357,D ANGELS
9252981,CALLIOPE
9253296,MSC BANJUL IV
9255751,ROTTERDAM TRADER
9256224,SINGAPORE
9256377,BIG DOG
9256389,HANSA FREYBURG
9256470,MSC QINGDAO
9256482,GSL NINGBO
9256755,METHONI
9258997,CELESTIA
9259379,MSC ANCONA III
9260469,ALBERT MAERSK
9260902,PORTO GERMENO
9260914,ADAMS
9261451,PORTO KAGIO
9262704,MSC AQUARIUS
9262728,ARIES
9263320,HOPE ISLAND
9265598,MED TEKIRDAG
9266102,SOL RESILIENCE
9266530,FALMOUTH
9267156,TINA I
9267651,KOTA LIMA
9270452,XIN QING DAO
9273961,ALIANCA MANAUS
9274202,KMTC SHANGHAI
9275048,GARDINER
9275361,ATHENA
9275397,MSC MANYA
9275971,MSC MARINA
9278088,YM WEALTH
9278117,DERBY D
9279989,MSC STELLA
9280615,CMA CGM MOZART
9280639,CMA CGM ROSSINI
9280653,GSL VINIA
9280861,MSC PRATITI
9285653,GSL GRANIA
9285677,GSL ELENI
9285689,GSL KALLIOPI
9285976,CSCL ASIA
9285988,EUROPE
9286009,SEASPAN OCEANIA
9286011,CSCL AFRICA
9286243,CONTI MAKALU
9286267,MSC GREENWICH
9287716,FENJA
9287895,HENG HUI 6
9288409,CMA CGM YAMUNA
9289099,MSC BEIJING
9289104,MSC LUCY
9289128,MSC MAEVA
9289180,MAERSK NAMIBIA
9289922,MAERSK SANA
9289958,MAERSK SYDNEY
9290127,EMMANUEL P
9290139,SEASPAN BRISBANE
9290282,MSC RACHELE
9290402,MSC FELIXSTOWE
9290440,BELLAVIA
9290476,MAERSK KOWLOON
9290531,MSC PAMELA
9290543,MSC SUSANNA
9290555,ZIM NEWARK
9290567,ZIM HONG KONG
9290945,ESL SHEKOU
9292230,BEIJING BRIDGE
9292448,MATILDE A
9293234,URU BHUM
9293246,VIRA BHUM
9293753,CONTI CORTESIA
9293789,CONTI COURAGE
9293791,CONTI CHIVALRY
9293818,CONTI CONQUEST
9294018,JULIUS-S.
9294173,CMA CGM SAN ANTONI
9294185,CMA CGM VALPARAISO
9294379,LARS MAERSK
9294537,AS PENELOPE
9294800,YM SUCCESS
9294848,WAN HAI 501
9294850,INTERASIA HERITAGE
9294862,WAN HAI 503
9294874,WAN HAI 505
9294886,WAN HAI 506
9295206,VARADA
9295218,CMA CGM NINGBO
9295220,CMA CGM SHANGHAI
9295361,SANTA VANESSA
9295414,SC MONTREUX
9295505,MIZAR
9295969,CMA CGM SAMBHAR
9295971,CMA CGM AMERICA
9296286,KOTA RAJIN
9296298,KOTA RANCAK
9296339,KOTA RIA
9296341,KOTA RAKYAT
9296468,MAGNA
9297474,LADY JANE
9297527,ANTWERP BRIDGE
9297577,KARLA A
9297591,BIANCA RAMBOW
9297606,VISITOR
9297618,BF CARODA
9297840,JPO LIBRA
9297852,JPO PISCES
9298648,DAPHNE
9298686,MAERSK IOWA
9298698,MAERSK OHIO
9299317,YM HAWK
9299329,YM HARMONY
9299501,ENERGIZER
9299513,X-PRESS IRRAWADDY
9299525,MSC TORONTO
9299537,MSC CHARLESTON
9299549,MSC JUDITH
9299628,CMA CGM OLETTA
9299630,CMA CGM NABUCCO
9299654,CMA CGM RIGOLETTO
9299800,CMA CGM MEDEA
9299812,CMA CGM NORMA
9299927,MAERSK SEVILLE
9299939,MAERSK SHEERNESS
9300312,TIAN SHUN HE
9300386,EVER SHINE
9300398,EVER SIGMA
9300403,EVER SMART
9300427,EVER SUPERB
9300439,EVER STEADY
9300441,EVER STRONG
9300453,EVER SUMMIT
9300465,EVER SAFETY
9300477,EVER SALUTE
9300790,OOCL ASIA
9301134,LANGENESS
9301263,YM HORIZON
9301275,YM HEIGHTS
9301433,CMA CGM MALTA
9301469,ETOILE
9301483,MSC PARIS
9301785,ARGENTINA C
9301794,SEASPAN JAKARTA
9301835,SEASPAN SANTOS
9301988,RITA
9302097,GLEN CANYON
9302138,ONE HANNOVER
9302140,ONE HUMBER
9302243,SVEN D
9302255,SPIRIT
9302437,PORTSMOUTH
9302619,NAVIOS UNITE
9302621,MSC UTMOST VIII
9302695,WAN HAI 315
9302877,GUDRUN MAERSK
9302889,GRETE MAERSK
9302956,CMA CGM BEIRA
9303522,MAERSK STRALSUND
9303534,MAERSK SAIGON
9303742,SM MANALI
9303766,BSG BONAIRE
9303780,CMA CGM NAVEGANTES
9303807,STANLEY A
9303819,GFS PRESTIGE
9304411,MSC ESTHI
9304423,MSC MARIA ELENA
9304435,MSC JOANNA
9304459,MSC LISBON
9304772,XIN CHI WAN
9304796,XIN FU ZHOU
9304801,XIN YAN TAI
9304813,XIN CHANG SHU
9305312,MAERSK MONTANA
9305465,KOTA MANZANILLO
9305477,MSC TIANSHAN
9305491,STRATFORD
9305506,MSC KUMSAL
9305570,ZIM SHANGHAI
9305582,ZIM YANTIAN
9305594,YANTIAN
9305635,SM NEYYAR
9305647,HYUNDAI SHANGHAI
9305659,HYUNDAI BUSAN
9305661,HYUNDAI HONGKONG
9305673,HYUNDAI TOKYO
9305685,HYUNDAI SINGAPORE
9305879,MERATUS JAYAKARTA
9305881,MERATUS JAYAWIJAYA
9306067,CALISTO
9306172,MAERSK PUELO
9306184,ESL SANA
9306213,CONTSHIP SEA
9306225,AVA D
9306237,CONTSHIP RUN
9306249,CONTSHIP MED
9306263,MSC DIYA F
9306550,MAERSK SEOUL
9306823,VEGA VELA
9306990,ARAYA BHUM
9307035,WAN HAI 622
9307059,MARCOS V
9307217,XIN LOS ANGELES
9307243,LE HAVRE
9307267,MSC CORINNA
9307401,KOTA KAYA
9307425,KOTA KARIM
9307841,TIGER
9308003,NAVIOS SUMMER
9308039,GFS PERFECT
9308182,TURKON EGYPT
9308405,WHUTTHI BHUM
9308508,BEIJING
9308510,COSCO HELLAS
9308637,MAERSK SOFIA
9308649,MAERSK SINGAPORE
9309150,ASIAN ACE
9309277,MONA LISA
9309409,AS CARELIA
9309461,MSC TOMOKO
9309473,MSC HEIDI
9309526,CATALONIA
9309930,XIN FANG CHENG
9310238,OOCL TOKYO
9310240,OOCL SOUTHAMPTON
9311701,MAERSK KANSAS
9311749,GFS PRIME
9311830,SC MONTREAL
9311880,LETO
9312561,XIN RI ZHAO
9312640,ELBELLA
9312652,CMA CGM SUEZ
9312781,NYK VEGA
9312793,NYK VENUS
9312810,NYK VIRGO
9312975,NYK OCEANUS
9312987,ONE OLYMPUS
9312999,NYK ORION
9313008,ONE ORPHEUS
9313228,BALTIC SHEARWATER
9313905,MAERSK BOSTON
9313917,MAERSK BALTIMORE
9314210,MAERSK TENNESSEE
9314222,XIN HONG KONG
9314234,CSCL ZEEBRUGGE
9314246,XIN BEIJING
9314258,CSCL LONG BEACH
9314923,KMTC HOCHIMINH
9314947,AS CAMELLIA
9314959,AS CLEMENTINA
9314961,MONACO
9314973,MONTPELLIER
9315020,AKACIA
9315197,MAERSK SELETAR
9315202,MAERSK SENTOSA
9315214,MAERSK SERANGOON
9315226,MAERSK SEMBAWANG
9315238,MAERSK SEBAROK
9315240,MAERSK SENANG
9315252,MAERSK SEMAKAU
9315343,BRICKELL
9315812,AS CYPRIA
9315824,ODYSSEUS
9315848,KMTC TIANJIN
9315927,SASKIA A
9316361,MSC CELINE
9317963,CMA CGM BLUE WHALE
9318046,MSC TOKYO
9318060,BELITA
9318113,ORCA I
9318125,DOLPHIN II
9318151,XIAMEN
9318242,TC SYMPHONY
9318254,SOL FORTUNE
9318319,MAERSK MAKUTU
9319090,YM INITIATIVE
9319105,YM INVENTIVE
9319117,YM INTELLIGENT
9319129,YM IDEALS
9319131,YM IMMENSE
9319143,YM INCREMENT
9319571,MITO
9320049,STADT DRESDEN
9320233,GJERTRUD MAERSK
9320245,GERD MAERSK
9320257,GEORG MAERSK
9320398,MSC LAUSANNE VI
9321029,PRESTIGE
9321031,GOOD PROSPECT
9321237,MOL CREATION
9321251,MOL CELEBRATION
9321263,MOL COURAGE
9321471,GISELE A
9321483,EMMA MAERSK
9321512,EVELYN MAERSK
9321524,EBBA MAERSK
9321536,ELLY MAERSK
9321548,EDITH MAERSK
9321550,EUGEN MAERSK
9322310,TS NINGBO
9322358,CMA CGM VALENCIA
9322463,CMA CGM MARLIN
9322475,CMA CGM BARRACUDA
9322487,CMA CGM DOLPHIN
9322499,CMA CGM MANTA RAY
9322865,SOL PROGRESS
9322877,SOL STRIDE
9322889,MTT PENGERANG
9323015,HENG HUI 5
9323027,MAJD
9323039,CMA CGM ALCEA
9323481,CMA CGM ABIDJAN
9323508,HYUNDAI COLOMBO
9323510,BANGKOK
9323522,HYUNDAI JAKARTA
9324837,NAVIOS VERMILION
9324849,NAVIOS AMARILLO
9324851,NAVIOS AZURE
9324863,NAVIOS VERDE
9324875,NAVIOS INDIGO
9326407,WAN HAI 507
9326421,WAN HAI 509
9326770,CMA CGM JAMAICA
9326782,SHIMIN
9327786,ALS KRONOS
9328027,JORK RULER
9328481,GERHARD SCHULTE
9328637,FREDERIK
9328649,ALEXANDER B
9329526,OOCL KOBE
9329629,MAERSK INCHEON
9330068,MSC SURABAYA VIII
9330070,LUANDA EXPRESS
9330496,CELSIUS NICOSIA
9330537,IRENES RYTHM
9330707,HYUNDAI FORWARD
9330719,HYUNDAI UNITY
9330721,HYUNDAI GRACE
9330927,GFS SAPPHIRE
9331000,CMA CGM SWORDFISH
9331012,CMA CGM TARPON
9331165,CMA CGM VERDI
9332195,OOCL ZHOUSHAN
9332250,NAVIOS MAGNOLIA
9332511,MAERSK TANJONG
9332676,MAERSK REGENSBURG
9332688,MAERSK ROUBAIX
9332858,SUAPE EXPRESS
9332975,MAERSK CHICAGO
9332987,MAERSK COLUMBUS
9332999,MAERSK DENVER
9333008,MAERSK HARTFORD
9333010,MAERSK KENSINGTON
9333022,MAERSK KINLOSS
9333034,MAERSK DETROIT
9333046,BSG BARBADOS
9333058,BSG BIMINI
9333072,NATAL
9333345,BEATE
9333852,MOL ENDOWMENT
9334002,YM INAUGURATION
9334155,ANL WYONG
9334167,ANL WANGARATTA
9334351,EM KEA
9334662,MAERSK TAIKUNG
9334674,MAERSK TAURUS
9334686,MAERSK TUKANG
9334923,COSCO OCEANIA
9334935,XIN YA ZHOU
9335185,COSCO NEW YORK
9335197,CMA CGM ALCAZAR
9335800,AS SOPHIA
9335812,AS SERENA
9336191,INDEPENDENT SPIRIT
9337030,AS ALVA
9337250,ADDISON
9337274,GSL MERCER
9337456,NILEDUTCH LION
9337470,YM UTILITY
9337664,NYK DEMETER
9337688,NYK DIANA
9337913,XIN OU ZHOU
9337925,XIN MEI ZHOU
9337937,XIN FEI ZHOU
9337949,XIN DA YANG ZHOU
9338058,ARCHER
9339040,HUA HANG 6
9339284,MSC CANDICE
9339296,MSC ASYA
9339545,CMA CGM KAILAS
9339600,ALIOTH
9339662,ONE COMPETENCE
9340752,PHEN BASIN
9342176,MAERSK PITTSBURGH
9342499,MAERSK ALTAIR
9342516,MAERSK ALFIRK
9342528,MAERSK ALGOL
9342700,WAN HAI 316
9343077,MAERSK JABAL
9343675,PACANDA
9343716,HANOVER EXPRESS
9343730,KUALA LUMPUR EXPRE
9344552,FAYSTON FARMS
9344564,MSC YURIDA III
9344667,SAN ALFONSO
9344681,MAERSK VENEZIA
9344722,VALENTINA
9344954,MAERSK VALENCIA
9345403,COSCO ASIA
9345415,COSCO EUROPE
9345427,COSCO AMERICA
9345439,COSCO AFRICA
9345958,NAVIOS JASMINE
9345960,NAVIOS CHRYSALIS
9345972,NAVIOS NERINE
9346304,HYUNDAI BRAVE
9347255,GARWOOD
9347293,CMA CGM DAVAO
9347449,KMTC MUNDRA
9347542,HYUNDAI COURAGE
9347566,HYUNDAI FORCE
9347578,HYUNDAI DYNASTY
9347580,HYUNDAI VOYAGER
9347592,HYUNDAI INTEGRAL
9347607,HYUNDAI GOODWILL
9348089,MAERSK RIO BLANCO
9348156,MAERSK INVERNESS
9348168,MAERSK IZMIR
9348194,X-PRESS NETRAVATI
9348431,CMA CGM SAVANNAH
9348443,CMA CGM MONTOIR
9348455,NORTHERN GUARD
9348625,CONTSHIP JET
9348649,MAERSK ATLANTA
9348651,MAERSK MEMPHIS
9348663,SHIJING
9348699,FOS EXPRESS
9348912,X-PRESS KAILASH
9348924,X-PRESS KARAKORAM
9349045,GFS PRIDE
9349215,ELBSPRINTER
9349368,LASALLE
9349497,AL SAFAT
9349540,JAZAN
9349617,GSL SUSAN
9349629,CMA CGM NANTONG
9350018,APL MINNESOTA
9350020,APL NEW JERSEY
9350159,WAN HAI 175
9350381,CMA CGM AMBER
9350393,CMA CGM CORAL
9351127,CMA CGM GEORGIA
9351139,CMA CGM VIRGINIA
9351141,CMA CGM NEW JERSEY
9351579,MSC TAMARA
9351581,MSC KIM
9351799,LOG-IN PANTANAL
9351804,OEL COLOMBO
9352004,MAERSK STEPNICA
9352016,MAERSK SALALAH
9352028,MAERSK SAVANNAH
9352030,MAERSK SALINA
9352042,MAERSK STOCKHOLM
9352391,WADI BANI KHALID
9352418,NAVIOS DESTINY
9352420,NAVIOS DEVOTION
9353230,AS NARA
9353747,WIEBKE SCHEPERS
9353931,SELATAN DAMAI
9354351,ANINA
9354375,ATLANTIS A
9354387,ANDANTE
9354399,DAGMAR
9354478,IDA RAMBOW
9354533,CAPITAINE TASMAN
9354923,CMA CGM VELA
9355408,NYK CLARA
9355410,NYK DANIELLA
9355446,BG IRELAND
9355551,COSCO PACIFIC
9355563,COSCO KAOHSIUNG
9355575,COSCO TAICANG
9355812,RIJNBORG
9356074,MAERSK CHESAPEAKE
9356141,MERCOSUL SUAPE
9356153,MERCOSUL SANTOS
9356294,CMA CGM THALASSA
9356309,CMA CGM HYDRA
9356311,CMA CGM MUSCA
9356684,ALEXANDRA A
9357547,CMA CGM SAIGON
9357808,EF EMMA
9358008,OSG BOSSTEC
9359002,GERNER MAERSK
9359014,GUNDE MAERSK
9359026,GUNHILDE MAERSK
9359038,GUSTAV MAERSK
9359040,GUTHORM MAERSK
9359052,GERDA MAERSK
9359260,JUDITH
9359313,CAPE FULMAR
9359325,CAPE FERROL
9359686,KOTA RAKAN
9360520,IMKE SCHEPERS
9360609,ACX DIAMOND
9360611,ACX CRYSTAL
9360623,ACX PEARL
9360752,SPIRIT OF AUCKLAND
9360910,SEATTLE C
9362308,KOTA NALURI
9362310,KOTA NAZAR
9362437,CMA CGM PLATON
9362724,MACAO
9363156,SOL PROMISE
9363417,CMA CGM MONTREAL
9364203,BFAD PACIFIC
9364992,CMA CGM ORFEO
9365685,NAWATA BHUM
9365788,CMA CGM PELLEAS
9365790,CMA CGM BUTTERFLY
9365805,CMA CGM IVANHOE
9365960,X-PRESS MULHACEN
9366225,ARTEMIS
9366500,CFS HORIZON
9367176,OOCL KUALA LUMPUR
9367190,OOCL OAKLAND
9367205,OOCL ITALY
9367803,SPIL NIRMALA
9367815,CMA CGM MOMBASA
9367827,CMA CGM ZANZIBAR
9367839,CMA CGM QUELIMANE
9369734,MSC BREMEN
9372274,THETIS D
9372470,MSC KRYSTAL
9372482,MSC ORIANE
9372585,VERA A
9372860,ELBSPIRIT
9372872,BURGUNDY
9373462,HANSA OSTERBURG
9373474,HANSA AUGSBURG
9374442,CMA CGM PEMBA
9375111,VANTAGE
9375305,KMTC JEBEL ALI
9376012,SEALAND BALBOA
9376048,HANNA
9376050,WILHELM
9377690,CELSIUS NELSON
9378931,PACIFIC BEIJING
9379363,CAPE FAWLEY
9383223,MSC LIDIA
9383261,SEALAND MANZANILLO
9384875,TOKYO TOWER
9384887,KYOTO TOWER
9385013,HYUNDAI OAKLAND
9385245,SKY VICTORIA
9385532,DIANE A
9385611,ARGOLIKOS
9386524,A LA MARINE
9386976,WYBELSUM
9387437,NYK ISABEL
9387463,AS SABRINA
9388352,ONE CONTINUITY
9388388,LIBERTAS H
9388510,ELBCARRIER
9389394,ALS FLORA
9389409,CMA CGM DUTCH HARB
9390240,KOTA NAZIM
9391672,SPIRIT OF SYDNEY
9391787,AS NURIA
9392169,KOTA RESTU
9392559,SPIL CITRA
9392913,ASIATIC QUEST
9393022,MSC SHAY
9393515,GOTEBORG
9393527,UAFL ATHENS
9395159,ONE HAMBURG
9395161,ONE HONG KONG
9395599,CONTSHIP VOW
9395616,CONTSHIP TOP
9396610,ATLANTIC WEST
9396622,ATLANTIC SILVER
9397107,SENDAI TRADER
9397585,ELENI T
9397602,CMA CGM TOPAZ
9397614,IONIKOS
9397913,AMALTHEA
9398216,MSC ANTONIA
9398228,MSC NOA
9398230,WAN HAI 722
9398395,MAERSK AMAZON
9398424,MAERSK ATHABASCA
9398436,MAERSK YUKON
9398462,TIANJIN
9398773,ELBWINTER
9399002,MSC DANIELA
9399014,MSC BEATRICE
9399026,MSC KALINA
9399040,MSC IRENE
9399052,MSC EMANUELA
9399117,X-PRESS HOOGLY
9399193,CMA CGM LIBRA
9399208,CMA CGM LIAO
9399222,CMA CGM TITAN
9399753,AS CASPRIA
9400083,MAIPO
9400136,CELSIUS NAPLES
9400174,FORT DESAIX
9400186,WAN HAI 521
9400198,WAN HAI 523
9400215,NEOKASTRO
9400291,CMA CGM OSAKA
9400813,MARINA VOYAGER
9401075,MELINA
9401099,CMA CGM MOLIERE
9401116,MSC FRANCESCA
9401142,MSC GAIA
9401283,RDO CONCORD
9401661,HANSA SIEGBURG
9401673,HANSA ROTENBURG
9401697,MAERSK VIGO
9402029,MAERSK BATUR
9403619,MOL PROFICIENCY
9403621,BHUDTHI BHUM
9404209,NAVIOS TEMPO
9404649,MSC DANIT
9404651,MSC CAMILLE
9404663,MSC SONIA
9404675,MSC MELATILDE
9404869,OOCL GUANGZHOU
9406611,CMA CGM MUSSET
9406623,CMA CGM NERVAL
9406922,PACIFIC TRADER
9407134,SEASPAN EMERALD
9407885,GSL KITHIRA
9408372,SOFRANA SURVILLE
9409053,ATHENS BRIDGE
9409194,CMA CGM LAMARTINE
9409209,CMA CGM MAUPASSANT
9410272,AS SARA
9410301,CAPITAINE TUPAIA
9410727,CMA CGM ANDROMEDA
9410741,CMA CGM AQUILA
9410753,CMA CGM CALLISTO
9410765,CMA CGM CASSIOPEIA
9410777,CMA CGM CENTAURUS
9410789,CMA CGM COLUMBA
9410791,CMA CGM GEMINI
9410806,CMA CGM LYRA
9411379,MAERSK VARNA
9412488,YERUPAJA
9412531,ELBSKY
9412804,ORIENTAL BRIGHT
9412816,WHITE DRAGON
9412828,BELAWAN
9416006,AL RUMEILA
9416018,OSHAIRIJ
9417244,OOCL SEOUL
9417256,OOCL WASHINGTON
9417268,OOCL LONDON
9418298,SCI CHENNAI
9418377,CMA CGM VERACRUZ
9418640,SPIL CAYA
9419539,SCI MUMBAI
9419656,NYK SILVIA
9424900,ONE MAGNIFICENCE
9424936,ONE MAXIM
9426324,SONGA LIONESS
9429223,MUNKSUND
9429235,TUNADAL
9429261,ELBSUN
9429326,VIVALDI
9430363,SANTA ROSA
9430375,SANTA TERESA
9430387,SANTA URSULA
9430399,SANTA BARBARA
9430765,VIRGO
9430777,VOLANS
9431680,NAVIOS LAPIS
9431692,TANJA
9431719,ALS JUNO
9431757,CMA CGM CAIMEP
9431769,ANDROUSA
9431800,CMA CGM LISBON
9431824,ANL WAIKATO
9432220,VERA RAMBOW
9432232,GERDA
9433054,MAERSK VALPARAISO
9433793,CMA CGM ATTILA
9434905,CMA CGM VITORIA
9434917,CMA CGM MANAUS
9436082,HANSA HOMBURG
9436173,MAERSK VERACRUZ
9436185,MAERSK VICTORIA
9436202,BG RUBY
9436355,CMA CGM TANCREDI
9436367,CMA CGM BIANCA
9436379,CMA CGM SAMSON
9436422,CMA CGM AMBARLI
9436434,GFS PRECIOUS
9436458,BACH
9437048,GSL TRIPOLI
9437050,GSL TINOS
9437062,GSL SYROS
9437115,AS FLORIANA
9437139,MICHIGAN
9437220,ADMIRAL MOON
9437244,ADMIRAL SUN
9438080,DANUM 159
9439498,BSG BAHAMAS
9439747,KOTA LUKIS
9440772,ANL WARRNAMBOOL
9440796,BALTIMORE STAR
9440813,NORFOLK
9440825,DUBAI EXPRESS
9441001,MSC PALOMA
9442172,BF GIANT
9443011,EXPRESS ARGENTINA
9443023,EXPRESS BRAZIL
9443035,EXPRESS FRANCE
9443047,EXPRESS SPAIN
9443059,EXPRESS BLACK SEA
9443463,CMA CGM LEBU
9443475,SEASPAN LINGUE
9443487,SEASPAN LUMACO
9443580,SYNERGY ANTWERP
9444273,MOL PRESENCE
9444285,TS DUBAI
9444417,ALS CLIVIA
9444728,SANTA ISABEL
9444730,SANTA CATARINA
9444742,SANTA CRUZ
9444845,SANTA INES
9444962,HAIAN ROSE
9444986,PEARL RIVER BRIDGE
9445514,OOCL NEW ZEALAND
9445526,OOCL DALIAN
9445538,OOCL NAGOYA
9445576,DEBUSSY
9445887,CALANDRA
9445916,CAPE MOSS
9447859,TENO
9447885,SOUTHAMPTON EXPRESS
9447897,TEMPANOS
9447914,TORRENTE
9448748,COSCO JAPAN
9448750,COSCO KOREA
9448762,COSCO PHILIPPINES
9448774,COSCO MALAYSIA
9448786,COSCO INDONESIA
9448798,COSCO THAILAND
9448803,COSCO PRINCE RUPERT
9448815,COSCO VIETNAM
9449118,GH MAESTRO
9449819,CMA CGM CENDRILLON
9449833,WARNOW MASTER
9450296,MSC PRECISION V
9450301,NORTHERN PRACTISE
9450349,NORTHERN JUVENILE
9450363,NORTHERN JAMBOREE
9450375,C HAMBURG
9450387,BREMEN
9450442,FRANKFURT EXPRESS
9450595,SYNERGY KEELUNG
9450600,CMA CGM FIGARO
9450612,CMA CGM LA SCALA
9450636,CMA CGM TITUS
9450648,CMA CGM ALMAVIVA
9451472,LOS ANDES BRIDGE
9451484,ARICA BRIDGE
9451915,CMA CGM AFRICA ONE
9451927,CMA CGM AFRICA TWO
9453365,SPYROS V
9453559,CMA CGM CHRISTOPHE COLOMB
9454034,MOLIVA
9454230,SVENDBORG
9454395,CMA CGM AMERIGO VESPUCCI
9454400,CMA CGM CORTE REAL
9454412,CMA CGM LAPEROUSE
9454424,CMA CGM MAGELLAN
9454436,CMA CGM MARCO POLO
9454448,CMA CGM ALEXANDER VON HUMBOLDT
9455296,WAN HAI 511
9455909,GFS RUBY
9456185,HUA HANG 3
9456757,MAERSK EDINBURGH
9456769,MAERSK EMDEN
9456771,MAERSK EINDHOVEN
9456783,MAERSK ESSEN
9456977,MERKUR ARCHIPELAGO
9456989,MERKUR HORIZON
9456991,RHINE MAERSK
9457000,RHONE MAERSK
9457646,WAN HAI 515
9457658,WAN HAI 516
9458030,MAERSK EDMONTON
9458078,MAERSK ELBA
9458092,MAERSK ESSEX
9459125,SOFRANA SURVILLE
9459400,HANSA ASIA
9459412,HANSA EUROPE
9459424,MAERSK NACALA
9459436,HANSA AUSTRALIA
9459632,MAERSK WALLIS
9460057,HARRIER
9460356,MSC SAVONA
9461051,DORTMUND EXPRESS
9461374,MSC ALEXANDRA
9461386,MSC GENOVA
9461398,MSC ROSA M
9461403,MSC LA SPEZIA
9461415,MSC DEILA
9461427,MSC LIVORNO
9461439,MSC VALERIA
9461441,MSC BARI
9461477,CYPRESS
9461506,ZIM CHARLESTON
9461594,CMA CGM DAKHLA
9461623,CONSTANTINOS P II
9461867,APL CHONGQING
9461879,APL GWANGYANG
9461881,APL LE HAVRE
9461893,APL QINGDAO
9462029,APL SALALAH
9462031,APL YANGSHAN
9462043,APL BARCELONA
9462706,YM UBIQUITY
9463011,EDISON
9463023,ERVING
9463267,BAY BRIDGE
9463279,BANGKOK BRIDGE
9463310,BALTIC NORTH
9463346,BAI CHAY BRIDGE
9464314,GULF BARAKAH
9464687,TS SINGAPORE
9465241,MSC CRISTINA
9465265,MSC VEGA
9465277,MSC ALTAIR
9466867,CSCL STAR
9466972,NORTHERN JAGUAR
9466984,MAERSK SHEKOU
9467251,CSCL VENUS
9467263,CSCL JUPITER
9467275,CSCL MERCURY
9467287,CSCL MARS
9467299,CSCL SATURN
9467304,CSCL URANUS
9467316,CSCL NEPTUNE
9467392,MSC BERYL
9467407,MSC LAUREN
9467419,MSC LAURENCE
9467421,MSC MARIA SAVERIA
9467433,MSC FLAVIA
9467445,MSC KATRINA
9467457,MSC KATIE
9468293,SEASPAN ADONIS
9468308,ONE ALTAIR
9468460,CMA CGM LUANDA
9469560,MSC TERESA
9469572,CMA CGM ALASKA
9470753,PENANG BRIDGE
9470961,AS ANITA
9470973,AS ALEXANDRIA
9471408,CMA CGM NEVADA
9472127,COSCO FORTUNE
9472139,COSCO DEVELOPMENT
9472141,COSCO FAITH
9472153,COSCO PRIDE
9472165,COSCO HOPE
9473028,CMA CGM MELISANDE
9473626,GSL AFRICA
9474395,NORDIC ITALIA
9475258,MSC TARANTO
9475612,ONE MARVEL
9475624,ONE MOTIVATOR
9475636,ONE MODERN
9475648,ONE MANEUVER
9475650,ONE MISSION
9477323,X-PRESS BARDSEY
9477385,TS SYDNEY
9477799,MEGALOPOLIS
9477804,MARATHOPOLIS
9477907,OOCL TAIPEI
9478494,NAVIOS DOMINO
9480186,MSC BARCELONA
9480203,MSC CADIZ
9482938,NYK FUJI
9483334,ELBWIND
9483475,KOTA DUNIA
9483487,KOTA DUTA
9483695,NORDICA
9484003,COSCO ADEN
9484285,COSCO COLOMBO
9484297,COSCO DURBAN
9484352,COSCO JEDDAH
9484364,COSCO PIRAEUS
9484388,COSCO SAO PAULO
9484417,COSCO WELLINGTON
9484429,MSC CLORINDA
9484431,MSC RAVENNA
9484443,MSC ARIANE
9484455,MSC RAPALLO
9484467,MSC VANDYA
9484479,MSC TRIESTE
9484481,MSC AURORA
9484508,COSCO IZMIR
9484546,BERNHARD SCHULTE
9484560,CAP JACKSON
9484572,CAP JERVIS
9486087,OOCL UTAH
9486116,SEASPAN OSAKA
9487952,NYK FURANO
9491484,ESPERANCE
9491496,ESSENCE
9491628,CMA CGM MAPUTO
9491719,SIRI BHUM
9491721,INTRA BHUM
9492505,BERNHARD SCHEPERS
9492696,SEASPAN KYOTO
9493286,WAN HAI 275
9494280,SEASPAN TOKYO
9494541,KOTA LUMAYAN
9494577,KOTA CARUM
9494589,KOTA CAHAYA
9494620,KOTA NASRAT
9494632,KOTA NEBULA
9496599,YM ESSENCE
9496616,YM EXCELLENCE
9498690,PACIFIC TIANJIN
9501239,MAERSK EUREKA
9502867,MAERSK EDIRNE
9502910,MAERSK EMERALD
9502946,MAERSK ENSHI
9502958,MAERSK ENSENADA
9502972,MAERSK ESMERALDAS
9504035,ELBWAVE
9504073,ELBWATER
9506394,LOG-IN DISCOVERY
9509152,GSL MELINA
9515591,RAQUEL S
9515620,HORAI BRIDGE
9516404,COSCO BELGIUM
9516416,COSCO FRANCE
9516430,COSCO NETHERLANDS
9516442,COSCO SPAIN
9516454,COSCO ITALY
9516466,COSCO PORTUGAL
9516478,COSCO DENMARK
9516739,FITZ ROY
9516789,AS SELINA
9517252,KANG PING
9518335,COSCO ASHDOD
9518347,COSCO SURABAYA
9518359,COSCO AQABA
9525285,MAERSK CONAKRY
9525297,MAERSK COTONOU
9525326,MAERSK CAMEROUN
9525338,MAERSK CHENNAI
9525340,MAERSK CONGO
9525352,MAERSK CAPE TOWN
9525364,MAERSK CHILKA
9525376,MAERSK CHAMBAL
9525390,MAERSK COLOMBO
9525405,MAERSK COPENHAGEN
9525455,MAERSK CABO VERDE
9525467,MAERSK CASABLANCA
9525479,MAERSK CAIRO
9525481,MAERSK CUBANGO
9525493,MAERSK CABINDA
9525857,UMM SALAL
9525871,UNAYZAH EXPRESS
9525895,TAYMA EXPRESS
9525900,TANGIER EXPRESS
9525924,AL QIBLA EXPRESS
9525936,JEBEL ALI
9525948,ALS VENUS
9526459,MAERSK CADIZ
9526502,CMA CGM CLEVELAND
9526875,MAERSK LIMA
9526887,MAERSK LIRQUEN
9526899,MAERSK LA PAZ
9526904,MAERSK LUZ
9526916,MAERSK LETICIA
9526928,MAERSK LAVRAS
9526930,MAERSK LEBU
9526942,MAERSK LAGUNA
9526954,MAERSK LOTA
9526966,MAERSK LEON
9526978,MAERSK LABERINTO
9527025,MAERSK LINS
9527037,MAERSK LONDRINA
9527049,MAERSK LANCO
9527051,MAERSK LAMANAI
9527063,MAERSK LABREA
9529255,MAERSK CARDIFF
9531909,HANS SCHULTE
9532771,APL TURKEY
9532783,APL OREGON
9532795,APL ANTWERP
9535101,HANSA FRESENBURG
9535137,HELLA
9535149,HEDWIG SCHULTE
9535175,ESL KABIR
9535216,ESL DACHAN BAY
9543108,DAMIETTA EXPRESS
9543122,TIGER LIANYUNGANG
9546241,GUANG PING
9550307,CMA CGM NACALA
9550357,MAERSK WAKAYAMA
9550371,CALYPSO
9554092,WAN HAI 359
9555096,WAN HAI A07
9555101,WAN HAI A08
9555113,WAN HAI A09
9555230,CAT LAI EXPRESS
9561485,MAERSK CUNENE
9561497,MAERSK CUANZA
9563897,ALPHA KIRAWIRA
9565338,GSL ROSSI
9565340,AS NORA
9566382,ONE HOUSTON
9567661,SEROJA LIMA
9569970,TUCAPEL
9571296,LOG-IN ENDURANCE
9571650,MARIA H
9584865,KATHARINA SCHEPERS
9588079,ONE HONOLULU
9593696,KOTA NIPAH
9595436,EVER LAMBENT
9595448,EVER LADEN
9595450,EVER LASTING
9595462,EVER LEADING
9595486,EVER LIBRA
9595498,EVER LAWFUL
9595503,EVER LEADER
9595515,EVER LEGACY
9595527,EVER LIVEN
9597472,APL VANCOUVER
9597484,APL NEW YORK
9597496,APL BOSTON
9597501,APL PHOENIX
9597525,APL COLUMBUS
9597537,APL HOUSTON
9597551,APL CHARLESTON
9597563,APL SANTIAGO
9601302,APL PARIS
9602875,SEBASTIAO CABOTO
9604081,EVER LOGIC
9604093,EVER LEGEND
9604108,EVER LEARNED
9604110,EVER LEGION
9604122,EVER LOTUS
9604134,EVER LIVELY
9604146,EVER LENIENT
9604158,EVER LOYAL
9604160,EVER LIBERAL
9604172,EVER LUCKY
9605243,MSC NAIROBI X
9605255,MSC AZOV
9605279,MSC AMALFI
9606326,MSC ISTANBUL
9606338,MSC AMSTERDAM
9609419,OPTIMA
9610157,LIVORNO EXPRESS
9610169,DETROIT EXPRESS
9612870,TOLTEN
9612882,TIRUA
9613587,OOCL GENOA
9614490,TONGA CHIEF
9618264,MSC ABIDJAN
9618288,MSC ALGHERO
9618290,MSC ADELAIDE
9618305,MSC ATHENS
9618317,MSC ATHOS
9618599,KYPARISSIA
9619402,JOGELA
9619426,MSC ALTAMIRA
9619438,MSC ALBANY
9619452,MSC ARICA
9619464,MSC AGADIR
9619907,MAERSK MC-KINNEY M
9619919,MAJESTIC MAERSK
9619921,MARY MAERSK
9619957,MAGLEBY MAERSK
9619969,MARIBO MAERSK
9619971,MARSTAL MAERSK
9619995,MAYVIEW MAERSK
9620607,MERKUR FJORD
9622203,SAN NICOLAS MAERSK
9622588,OOCL POLAND
9622590,OOCL BRUSSELS
9622605,OOCL BERLIN
9622617,OOCL FRANCE
9622629,OOCL CHONGQING
9622631,OOCL EGYPT
9624275,MAERSK ARAS
9624287,MAERSK IYO
9624299,MAERSK KARUN
9625396,VICENTE PINZON
9625401,KOTA LEKAS
9625554,HYUNDAI PRIVILEGE
9625918,SAN GIORGIO
9626041,GENOA EXPRESS
9626053,BARCELONA EXPRESS
9626235,NORDLION
9626259,NORDPUMA
9626405,KMTC NINGBO
9626431,KOTA GANDING
9627904,TRAIGUEN
9627928,TYNDALL
9627980,OOCL MALAYSIA
9627992,OOCL KOREA
9628001,OOCL SINGAPORE
9629031,EVER LIVING
9629043,EVER LINKING
9629055,EVER LUCID
9629067,EVER LUCENT
9629079,EVER LISSOME
9629081,EVER LOADING
9629093,EVER LUNAR
9629110,EVER LOVELY
9629122,EVER LIFTING
9629160,GREEN HOPE
9629380,CMA CGM TOKYO
9629419,X-PRESS MOY
9629445,CAP ANDREAS
9629457,CARDIFF
9629914,ONE CONTRIBUTION
9631125,LORI
9631955,APL TEMASEK
9631967,APL LION CITY
9631979,APL RAFFLES
9631981,APL CHANGI
9631993,APL VANDA
9632002,APL SINGAPURA
9632014,APL MERLION
9632026,APL FULLERTON
9632038,APL ESPLANADE
9632064,MERETE MAERSK
9632090,MOGENS MAERSK
9632117,MUNKEBO MAERSK
9632143,MARCHEN MAERSK
9632167,MARIT MAERSK
9632179,MATHILDE MAERSK
9632210,APL MEXICO CITY
9632492,KMARIN AZUR
9632507,KMARIN ATLANTICA
9632765,KOTA MEGAH
9632832,SEADREAM
9633757,SINOTRANS TIANJIN
9633939,CAP SAN ARTEMISSIO
9633941,CAP SAN MALEAS
9633953,CAP SAN SOUNIO
9633965,CAP SAN TAINARO
9634672,OLIVIA
9634696,MCC SHENZHEN
9635688,SFL MAUI
9638977,KOTA CEPAT
9641235,COSTA RICA EXPRESS
9645853,CSCL SPRING
9645865,CSCL SUMMER
9645877,CSCL WINTER
9645889,CSCL BOHAI SEA
9645891,CSCL AUTUMN
9645906,CSCL YELLOW SEA
9645918,CSCL EAST CHINA SEA
9647461,MSC HAMBURG
9647473,MSC VENICE
9649835,CMA CGM SANTOS
9650078,STARSHIP URSA
9656280,NEW MINGZHOU 12
9656307,XIN MING ZHOU 18
9665592,NORFOLK EXPRESS
9665607,SAVANNAH EXPRESS
9665619,EVER TOP
9665621,BALTIMORE EXPRESS
9665633,LOS ANGELES EXPRESS
9665645,CHARLESTON EXPRESS
9665657,CHARLOTTE SCHULTE
9665669,CHRISTA SCHULTE
9665683,CARL SCHULTE
9665695,KMTC MUMBAI
9666845,MILD CHORUS
9666857,MILD SONATA
9666871,MILD JAZZ
9667150,HOUSTON EXPRESS
9667174,OAKLAND EXPRESS
9667186,VANCOUVER EXPRESS
9670107,OREA
9670834,OSAKA
9673642,SPIRIT OF BERTRAM
9674517,APL DANUBE
9674529,CMA CGM ELBE
9674531,CMA CGM LOIRE
9674543,CMA CGM RHONE
9674555,CMA CGM TAGE
9674567,CMA CGM THAMES
9676199,CNC PADMA
9676204,CAPE SYROS
9678630,X-PRESS NUPTSE
9678642,X-PRESS LHOTSE
9679555,SFL HAWAII
9679892,CMA CGM CONGO
9679907,CMA CGM MISSISSIPPI
9679919,CMA CGM MISSOURI
9681259,KOTA SEJATI
9683843,CCNI ARAUCO
9683867,CCNI ANGOL
9684665,YM WELLHEAD
9684689,YM WINNER
9689665,SUNNY ACACIA
9689940,HIGHLAND CHIEF
9690078,UBENA
9690080,ULANGA
9693953,HEUNG-A AKITA
9694402,MERIDIAN
9694438,MAJESTIC
9694529,WIDE ALPHA
9694543,CMA CGM KRIBI
9694555,CMA CGM LEKKI
9694579,MAERSK DANUBE
9694593,WIDE HOTEL
9695121,CSCL GLOBE
9695133,CSCL PACIFIC OCEAN
9695145,CSCL ATLANTIC OCEAN
9695157,CSCL INDIAN OCEAN
9695169,CSCL ARCTIC OCEAN
9696084,CAPE ARAXOS
9697416,CEZANNE
9697428,DALI
9698252,WIDE INDIA
9698264,WIDE JULIET
9698379,HEUNG-A SARAH
9698628,SAN FELIPE
9698642,SAN FERNANDO
9698654,SAN FRANCISCA
9699115,ZIM WILMINGTON
9699189,MAERSK SAN CLEMENTE
9700251,AS ANNE
9702091,MSC SOFIA CELESTE
9702106,MSC BRUNELLA
9702132,CMA CGM KERGUELEN
9702156,CMA CGM BOUGAINVILLE
9702261,MSC SARA ELENA
9703291,MSC OSCAR
9703318,MSC ZOE
9704659,GFS GENESIS
9704661,GFS GISELLE
9704960,MSC LILY
9704972,MSC ELODIE
9704996,MSC JULIE
9705005,MSC CATERINA
9705055,CMA CGM LITANI
9705067,CMA CGM TIGRIS
9705079,CMA CGM URAL
9705081,CMA CGM VOLGA
9706190,CAPE AKRITAS
9706205,CAPE TAINARO
9706279,CNC BANGKOK
9706736,ONE MILLAU
9706891,CMA CGM BENJAMIN FRANKLIN
9706906,CMA CGM ZHENG HE
9707522,PEGASUS PETA
9708382,WIKING
9708679,MSC MAYA
9708681,MSC SVEVA
9708693,MSC CLARA
9710220,ZIM NORFOLK
9710232,ZIM XIAMEN
9710244,ANTHEA Y
9712761,SITC KEELUNG
9713349,SEASPAN BEAUTY
9713363,SEASPAN BELLWETHER
9713375,MAERSK GUATEMALA
9717204,CAP SAN JUAN
9717216,CAP SAN LAZARO
9717228,CAP SAN VINCENT
9718935,CCNI ANDES
9718947,ATACAMA
9719056,DANIEL K. INOUYE
9719068,KAIMANA HILA
9719874,CAPE PIONEER
9720196,MSC GISELLE
9720201,MSC DOMITILLE
9720287,MSC MAXINE
9720483,MSC CHLOE
9720495,MSC BRANKA
9720512,MSC MICHELA
9722651,CMA CGM ARKANSAS
9722663,CMA CGM COLUMBIA
9722675,CMA CGM NIAGARA
9722687,CMA CGM OHIO
9722699,CMA CGM RIO GRANDE
9722704,CMA CGM TANYA
9722716,CMA CGM JACQUES JU
9723241,CZECH
9723265,SYDNEY EXPRESS
9723928,KMTC DUBAI
9725718,MAERSK SIRAC
9726669,MAERSK SHAMS
9726671,MAERSK STADELHORN
9727613,CAPE KORTIA
9727625,CAPE SOUNIO
9727871,MAERSK GUAYAQUIL
9727998,SITC HANSHIN
9728007,SITC KANTO
9728253,MAERSK SHIVLING
9728916,TRITON
9728928,TITAN
9728930,TALOS
9728942,TAURUS
9728954,THESEUS
9729075,CMA CGM RODOLPHE
9729099,CMA CGM LISA MARIE
9729104,CMA CGM JACQUES JOSEPH
9730854,INTEGRA
9730866,INFINITY
9731925,COSCO SHIPPING VOL
9731949,COSCO SHIPPING SEINE
9731951,COSCO SHIPPING RHINE
9732357,AL JMELIYAH
9732589,CMA CGM NILE
9732591,MAERSK SARAT
9733003,ROZA A
9734159,CAPE QUEST
9735206,MSC PALAK
9735218,MSC ELMA
9737462,TAMPA TRIUMPH
9737474,TOKYO TRIUMPH
9737486,TOLEDO TRIUMPH
9737498,TAIPEI TRIUMPH
9737503,TEXAS TRIUMPH
9739680,MAERSK GENOA
9739692,MAERSK GIBRALTAR
9742015,GLORY ZHENDONG
9742039,GLORY GUANDONG
9742168,HMM PROMISE
9743485,MOLLY SCHULTE
9744659,X-PRESS NILWALA
9745500,CMA CGM PREGOLIA
9745548,CMA CGM NEVA
9745550,CMA CGM LOUGA
9745653,MSC ROMANE
9745665,MSC DESIREE
9751107,GEMLIK EXPRESS
9752709,INSPIRE
9754771,GLORY TIANJIN
9754953,MSC DITTE
9754965,MSC REEF
9755191,MSC ERICA
9755933,MSC DIANA
9755945,MSC INGY
9755957,MSC ELOANE
9756729,MSC AVNI
9757321,NEW MINGZHOU 60
9757553,INTERASIA PURSUIT
9757840,COSCO SHIPPING HIMALAYAS
9757876,COSCO SHIPPING DENALI
9757888,COSCO SHIPPING ANDES
9760598,MOUNT CAMERON
9760615,TAMANRASSET
9760627,CNC URANUS
9760639,X-PRESS DHAULAGIRI
9761011,MAERSK NUSANTARA
9761023,MAERSK CHATTOGRAM
9762340,MSC TINA
9763722,DELPHIS FINLAND
9765574,OLYMPIA
9765586,OPHELIA
9767376,MSC MIRJAM
9767388,MSC RIFAYA
9767390,MSC LEANNE
9770737,MSC GIULIA
9770751,MSC AINO
9770763,MSC GAYANE
9772230,KMTC LAEM CHABANG
9775737,VISTULA MAERSK
9775749,VOLGA MAERSK
9775751,VAYENGA MAERSK
9775775,VUOKSI MAERSK
9776171,OOCL HONG KONG
9776183,OOCL GERMANY
9776195,OOCL JAPAN
9776200,OOCL UNITED KINGDOM
9776212,OOCL SCANDINAVIA
9776224,OOCL INDONESIA
9776418,CMA CGM ANTOINE DE SAINT EXUPERY
9776420,CMA CGM JEAN MERMOZ
9777175,CAPE ARTEMISIO
9777204,MSC ANNA
9777216,MSC VIVIANA
9777589,VALPARAISO EXPRESS
9777606,CALLAO EXPRESS
9777618,CARTAGENA EXPRESS
9777620,GUAYAQUIL EXPRESS
9777632,SANTOS EXPRESS
9778076,MSC SHUBA B
9778090,MSC YASHI B
9778105,MSC SHREYA B
9778117,MSC NITYA B
9778129,HAIPHONG EXPRESS
9778545,VAGA MAERSK
9778791,MADRID MAERSK
9778806,MUNICH MAERSK
9778818,MOSCOW MAERSK
9778820,MILAN MAERSK
9778844,MARSEILLE MAERSK
9780445,MANCHESTER MAERSK
9780457,MURCIA MAERSK
9780471,MUMBAI MAERSK
9780483,MAASTRICHT MAERSK
9780653,DELPHIS GDANSK
9780665,DELPHIS RIGA
9780859,CMA CGM A. LINCOLN
9780861,CMA CGM T. JEFFERSON
9780873,CMA CGM T. ROOSEVELT
9780885,CMA CGM J. ADAMS
9780897,CMA CGM J. MADISON
9783459,COSCO SHIPPING TAURUS
9783461,COSCO SHIPPING VIRGO
9783473,COSCO SHIPPING SAGITTARIUS
9783497,COSCO SHIPPING ARIES
9783502,COSCO SHIPPING LEO
9783514,COSCO SHIPPING CAPRICORN
9783526,COSCO SHIPPING GEMINI
9783538,COSCO SHIPPING LIBRA
9784116,EVER BRACE
9784128,EVER BEFIT
9784130,EVER BRAVE
9784142,EVER BEING
9784154,EVER BREED
9784269,MAERSK HORSBURGH
9784271,MAERSK HALIFAX
9784283,MAERSK HIDALGO
9784295,MAERSK HANOI
9784312,MAERSK HAMBURG
9784324,MAERSK HERRERA
9784336,MAERSK HAVANA
9784661,CNC LION
9785756,COSCO SHIPPING AZALEA
9785768,COSCO SHIPPING JASMINE
9785770,COSCO SHIPPING ORCHID
9785782,COSCO SHIPPING CAMELLIA
9785794,COSCO SHIPPING SAKURA
9785809,COSCO SHIPPING ROSE
9785811,COSCO SHIPPING LOTUS
9786085,MAERSK ZAMBEZI
9786097,MAERSK PANGANI
9786712,KOTA PAHLAWAN
9786724,PARANAGUA EXPRESS
9786736,SEASPAN OSPREY
9786748,KOTA PELANGI
9786762,POLAR COLOMBIA
9786774,POLAR ECUADOR
9786815,EVER GENIUS
9786827,EVER GIFTED
9786839,EVER GLORY
9786841,EVER GLOBE
9786932,EVER BLISS
9786944,EVER BALMY
9786956,EVER BIRTH
9786968,EVER BASIS
9786970,ITAL BONNY
9786982,EVER BEADY
9786994,ITAL BONUS
9787003,EVER BEAMY
9787015,EVER BOOMY
9787027,EVER BLOOM
9789623,COSCO SHIPPING AQUARIUS
9789635,COSCO SHIPPING SCORPIO
9789647,COSCO SHIPPING PISCES
9789972,YM TRUST
9790050,EVER BOARD
9790074,EVER BLESS
9790086,EVER BURLY
9790098,EVER BLINK
9790892,INGENUITY
9790907,INSIGHT
9793727,X-PRESS KABRU
9793909,SEASPAN FALCON
9793911,SEASPAN RAPTOR
9793923,SEASPAN HARRIER
9793935,MONTEVIDEO EXPRESS
9793959,KOTA PURI
9793961,KOTA PUSAKA
9795610,COSCO SHIPPING UNIVERSE
9795634,COSCO SHIPPING GALAXY
9795646,COSCO SHIPPING SOLAR
9795658,COSCO SHIPPING STAR
9795660,COSCO SHIPPING PLANET
9796286,KHUNA BHUM
9796511,KUO LIN
9797187,POLAR CHILE
9797199,POLAR PERU
9797204,POLAR ARGENTINA
9799915,CRYSTAL A
9801512,MAKHA BHUM
9803675,BG DIAMOND
9803704,BG EMERALD
9808182,HUA LONG GUANG XING
9809837,CMA CGM FORT ROYAL
9810991,EVER GOODS
9811000,EVER GIVEN
9811012,EVER GOLDEN
9812183,TOPAZ ISHIM
9813840,SPIRIT OF CHENNAI
9813864,MTT SAMALAJU
9813888,MTT SEMPORNA
9814612,MATSONIA
9817353,MH GREEN
9817884,CNC VENUS
9820855,EVER GRADE
9820922,EVER GENTLE
9821093,KMTC PENANG
9822736,NORDMAAS
9823728,MCC TOKYO
9823730,MCC CEBU
9823742,MCC DANANG
9823766,MCC TAIPEI
9825415,INFERRO
9827968,SINAR PENIDA
9832717,EVER GOVERN
9832729,EVER GREET
9833008,INDURO
9833369,MAERSK VALLETTA
9833371,INCRES
9836658,CNC NEPTUNE
9836672,CNC JUPITER
9839131,CMA CGM CHAMPS ELYSEES
9839143,CMA CGM LOUVRE
9839155,CMA CGM MONTMARTRE
9839167,CMA CGM TROCADERO
9839181,CMA CGM PALAIS ROYAL
9839193,CMA CGM RIVOLI
9839208,CMA CGM CONCORDE
9839210,CMA CGM SORBONNE
9839260,MSC MINA
9839284,MSC ARINA
9839296,MSC NELA
9839301,MSC SIXIN
9839442,MSC SAMAR
9839478,MSC FEBE
9839909,CMA CGM ARGENTINA
9839911,CMA CGM MEXICO
9839923,CMA CGM PANAMA
9839935,CMA CGM CHILE
9840702,MAERSK BINTULU
9840714,MAERSK SIHANOUKVIL
9842061,MSC JOSSELINE
9842073,MSC JEWEL
9842085,MSC FAITH
9842097,MSC ALIYA
9842102,MSC KANOKO
9842346,ZHONG GU BO HAI
9842750,ATI BHUM
9845037,FSL SINGAPORE
9845049,FSL KELANG
9845673,CMA CGM SINNAMARY
9845726,SITC CEBU
9848730,CAPE ALTIUS
9848871,KMTC TOKYO
9848948,MAERSK HUACHO
9848950,MAERSK HOUSTON
9850525,EVER FAITH
9850537,EVER FOCUS
9850549,EVER FRONT
9850551,EVER FORWARD
9850563,EVER FORTUNE
9850575,EVER FOREVER
9850587,EVER FRANK
9850599,EVER FUTURE
9850795,EVER FIT
9850800,EVER FAME
9850812,EVER FINE
9850824,EVER FORE
9850836,EVER FASHION
9850848,EVER FOND
9850850,EVER FAVOR
9850862,EVER FAR
9850874,EVER FAST
9850886,EVER FAIR
9850898,EVER FEAT
9850903,EVER FULL
9854480,SKY WIND
9857157,MSC ORION
9857171,MSC VIRGO
9857183,MSC AURIGA
9858709,MAERSK QINZHOU
9858711,MAERSK DAVAO
9858723,MAERSK XIAMEN
9858735,MAERSK HAI PHONG
9859117,CMA CGM TENERE
9859129,CMA CGM SCANDOLA
9859131,CMA CGM IGUACU
9859935,GREEN CLARITY
9860245,CMA CGM BRAZIL
9860532,GREEN CELESTE
9864502,YM CELEBRITY
9864514,YM CONTINENT
9864526,YM CREDENTIAL
9864538,YM CENTENNIAL
9864576,YM CONSTANCY
9864590,YM CONTINUITY
9865879,CONFIDENCE
9865881,MAERSK JAKARTA
9865958,GREEN STAR
9865972,GREEN FOREST
9865984,GREEN EARTH
9866469,SINAR SUNDA
9866471,SINAR SORONG
9866598,EVER CALM
9867712,GREEN DAWN
9867724,GREEN WAVE
9867827,CMA CGM BALI
9867839,CMA CGM SYMI
9867841,CMA CGM ARCTIC
9869215,HMM RAON
9869239,HMM HANUL
9869978,EVER CAST
9869980,EVER CHANT
9869992,EVER CHARM
9870006,EVER CHEER
9871165,MAERSK DHAKA
9872236,MTT SAPANGAR
9872248,MTT SANDAKAN
9872377,EVER ORIENT
9872389,EVER OCEAN
9872391,EVER OASIS
9872406,EVER ORDER
9875068,EVER COPE
9875070,EVER CORE
9875355,X-PRESS MEKONG
9875379,X-PRESS ALTAIR
9882487,CMA CGM ZEPHYR
9882499,CMA CGM HERMES
9882504,CMA CGM OSIRIS
9882516,CMA CGM APOLLON
9882528,CMA CGM ADONIS
9885130,NAKSKOV MAERSK
9885142,NORDBORG MAERSK
9885154,NORDAGER MAERSK
9885166,NIMTOFTE MAERSK
9885178,NUUK MAERSK
9886067,SAWASDEE BALTIC
9886990,EVER CENTER
9887009,EVER CHASTE
9890874,EVER CLEAR
9890886,EVER CROWN
9890898,EVER CANDID
9893852,MAERSK NORBERG
9893864,MAERSK NACKA
9893876,MAERSK NASSJO
9893890,EVER ACE
9893905,EVER ACT
9893917,EVER AIM
9893929,EVER ALP
9893931,EVER ARM
9893943,EVER ART
9893955,EVER ALOT
9893979,EVER APEX
9893993,EVER ATOP
9894650,MAERSK NESNA
9894662,MAERSK NUSSFJORD
9894674,MAERSK NORDDAL
9894686,MAERSK NORESUND
9894961,CMA CGM PATAGONIA
9894973,CMA CGM KIMBERLEY
9894985,CMA CGM EVERGLADE
9894997,CMA CGM GALAPAGOS
9895006,CMA CGM GREENLAND
9896983,MSC APOLLINE
9897004,MSC DILETTA
9897028,MSC ALLEGRA
9897755,CMA CGM HOPE
9897767,CMA CGM UNITY
9897779,CMA CGM DIGNITY
9897781,CMA CGM INTEGRITY
9897793,CMA CGM LIBERTY
9903243,EVER CLEVER
9903255,EVER CERTAIN
9903267,EVER COMMAND
9904508,EVER CREATE
9904510,EVER COZY
9904522,EVER CONVEY
9904534,EVER CAREER
9908126,OOCL SPAIN
9909132,EVER ARIA
9910328,INFINITI 5
9912191,MTT SIBU
9913810,EVER COMPOSE
9913822,EVER CONCISE
9913834,EVER CONCERT
9913846,EVER CONFORM
9913858,EVER OATH
9913860,EVER OWN
9913872,EVER OPUS
9913884,EVER OUTDO
9913896,EVER ONWARD
9913901,EVER OUTWIT
9914149,TS NANSHA
9914151,TS HOCHIMINH
9915985,QINGDAO TRADER
9918688,SITC JIADE
9918690,SITC RENDE
9919450,EVER CONSIST
9919462,EVER OBEY
9919474,EVER OPTIMA
9919486,EVER ORIGIN
9919498,EVER OMNI
9919589,EVER CONNECT
9923968,KANWAY FORTUNE
9923970,KANWAY LUCKY
9924182,MAERSK CAMBRIDGE
9924194,MAERSK CAMDEN
9924209,MAERSK CAMPBELL
9924211,MAERSK CAMPTON
9924223,MAERSK CANDOR
9924235,MAERSK CANYON
9924429,CMA CGM PRIDE
9925825,CMA CGM MASAI MARA
9925837,CMA CGM KHAO SOK
9926221,CMA CGM DOLOMITES
9927287,MSC DARIA
9927299,MSC KAYLEY
9928188,MAERSK ACADIA
9928190,MAERSK BISCAYNE
9928205,MAERSK EVERGLADES
9928217,MAERSK GLACIER
9928229,MAERSK MAMMOTH
9930038,MSC TESSA
9930404,WAN HAI 363
9930947,MSC BERANGERE
9931094,ZIM SAMMY OFER
9932828,SITC CHUNMING
9932830,SITC QIUMING
9932854,SITC CHENMING
9932892,MSC MARA
9932907,MSC VICTORIA
9933858,ZHONG GU KUN MING
9933872,ZHONG GU GUI YANG
9935088,WAN HAI A01
9935105,WAN HAI A03
9936185,CNC JAGUAR
9936197,CNC CHEETAH
9936202,CNC PUMA
9936410,MAERSK CINCINNATI
9936446,MAERSK PHUKET
9936458,MAERSK PELEPAS
9936513,ZIM THAILAND
9936525,ZIM BANGKOK
9936991,X-PRESS AQUARIUS
9937335,ONE PARANA
9938391,CMA CGM KAURI
9938884,ZHONG GU NAN NING
9938925,ZHONG GU SHEN YANG
9938963,ZHONG GU CHANG SHA
9939876,VEGA COLIGNY
9941104,XIN AN
9941116,HONG AN
9941142,WAN HAI A13
9941154,WAN HAI A15
9942287,SINAR BAJO
9942299,SINAR BUKITTINGGI
9943073,MAERSK OLYMPIC
9943114,MAERSK YELLOWSTONE
9943267,EVER ACME
9945473,ZIM USA
9945485,ZIM CANADA
9948633,ALS HERCULES
9948748,ANE MAERSK
9948762,ANTONIA MAERSK
9948774,ALETTE MAERSK
9948786,ALEXANDRA MAERSK
9950557,CMA CGM BETTER WAYS
9951135,ASTERIOS
9951525,CMA CGM INNOVATION
9951563,CMA CGM PASSION
9952737,ONE RELIABILITY
9952749,ONE REPUTATION
9954759,MSC STACEY
9957359,MSC ROSE
9958066,SKY IRIS
9961324,CMA CGM VISBY
9963736,CNC SULAWESI
9964156,IRENES RALLY
9966776,CMA CGM FORT DIAMANT
9967055,HAIAN BETA
9967419,X-PRESS CAPELLA
9967421,MH PEGASUS
9967445,X-PRESS CARINA
9967524,X-PRESS PISCES
9967536,X-PRESS PYXIS
9968281,MSC CARMELA
9969091,CMA CGM KRUGER
9969924,INTERASIA AMPLIFY
9970428,SINAR SANUR
9970430,SINAR SIGLI
9971018,STEPHANIA K
9972787,NAVIOS UTMOST
9973200,HEMMA BHUM
9973212,JIRA BHUM
9974216,PORT KELANG EXPRESS
9976202,SEATRADE CHILE
9977713,CMA CGM BAALBECK
9978638,HOPE C
9981104,STARSHIP MERCURY
9983413,PALU BAY
9983425,SHIMANAMI BAY
9983463,OLYMPIC BAY
9984986,MTT LABUAN
9987275,MSC SIENA
9989807,BRIGHT SAKURA
9989833,BRIGHT FUJI
9991147,MAERSK FUKUOKA
9996678,CMA CGM IRON
9997892,RUN QING PING AN
,
